{
    "0": {
        "precision": 0.5858313383012442,
        "recall": 0.7285459691791593,
        "f1-score": 0.6494407012494277,
        "support": 47695.0
    },
    "1": {
        "precision": 0.681782431303151,
        "recall": 0.5303317082496893,
        "f1-score": 0.5965953694443549,
        "support": 52305.0
    },
    "accuracy": 0.62487,
    "macro avg": {
        "precision": 0.6338068848021976,
        "recall": 0.6294388387144243,
        "f1-score": 0.6230180353468913,
        "support": 100000.0
    },
    "weighted avg": {
        "precision": 0.6360185574958915,
        "recall": 0.62487,
        "f1-score": 0.6217999504487843,
        "support": 100000.0
    }
}